idW,name,read,spell,spell_confirmation,略語
1,アレルギー,アレルギー,arerugi-,arerugi-,
2,アンジオテンシン,あんじおてんしん,annjiotennsinn,annjiotennsinn,
3,上行結腸,じょうこうけっちょう,joukoukettyou,joukoukettyou,
4,横行結腸,おうこうけっちょう,oukoukettyou,oukoukettyou,
5,下行結腸,かこうけっちょう,kakoukettyou,kakoukettyou,
6,S状結腸,Sじょうけっちょう,sjoukettyou,sjoukettyou,
7,直腸,ちょくちょう,tyokutyou,tyokutyou,
8,動脈,どうみゃく,doumyaku,doumyaku,a
9,再生不良貧血,さいせいふりょうひんけつ,saiseihuryouhinnketu,saiseihuryouhinnketu,AA
10,腹部大動脈瘤,ふくぶだいどうみゃくりゅう,hukubudaidoumyakuryuu,hukubudaidoumyakuryuu,AAA
11,肺胞気動脈血酸素分圧較差,はいほうきどうみゃくけつさんそぶんあつかくさ,haihoukidoumyakuketusannsobunnatukakusa,haihoukidoumyakuketusannsobunnatukakusa,A-aDO2
12,ペースメーカー,ぺーすめーかー,pe-sume-ka-,pe-sume-ka-,
13,抗生物質,こうせいぶっしつ,kouseibussitu,kouseibussitu,AB
14,アンジオテンシン変換酵素阻害薬,あんじおてんしんへんかんこうそそがいやく,annjiotennsinnhennkannkousosogaiyaku,annjiotennsinnhennkannkousosogaiyaku,ACEI
15,急性冠症候群,きゅうせいかんしょうこうぐん,kyuuseikannsyoukougunn,kyuuseikannsyoukougunn,ACS
16,補助調節換気,ほじょちょうせつかんき,hojotyousetukannki,hojotyousetukannki,ACV
17,入院,にゅういん,nyuuinn,nyuuinn,
18,内転,ないてん,naitenn,naitenn,
19,自動体外除細動器,じどうたいがいじょさいどうき,jidoutaigaijosaidouki,jidoutaigaijosaidouki,AED
20,日常生活動作,にちじょうせいかつどうさ,nitijouseikatudousa,nitijouseikatudousa,ADL
21,急性硬膜外血種,きゅうせいこうまくがいけっしゅ,kyuuseikoumakugaikessyu,kyuuseikoumakugaikessyu,AEDH
22,心房粗動,しんぼうそどう,sinnbousodou,sinnbousodou,AF
23,アニオンギャップ,あにおんぎゃっぷ,anionngyappu,anionngyappu,AG
24,血管造影,けっかんぞうえい,kekkanzouei,kekkanzouei,
25,急性肝炎,きゅうせいかんえん,kyuuseikannenn,kyuuseikannenn,AH
26,自己免疫性溶血性貧血,じこめんえきせいようけつせいひんけつ,jikomennekiseiyouketuseihinnketu,jikomennekiseiyouketuseihinnketu,AHA
27,急性心不全,きゅうせいしんふぜん,kyuuseisinnhuzenn,kyuuseisinnhuzenn,AHF
28,アスピリン喘息,あすぴりんぜんそく,asupirinnzennsoku,asupirinnzennsoku,
29,後天性免疫不全症候群,こうてんせいめんえきふぜんしょうこうぐん,koutennseimennekihuzennsyoukougunn,koutennseimennekihuzennsyoukougunn,AIDS
30,間質性肺炎,かんしつせいはいえん,kannsituseihaienn,kannsituseihaienn,IP
31,急性肺損傷,きゅうせいはいそんしょう,kyuuseihaisonnsyou,kyuuseihaisonnsyou,ALI
32,急性腎障害,きゅうせいじんしょうがい,kyuuseijinnsyougai,kyuuseijinnsyougai,AKI
33,二次救命処置,にじきゅうめいしょち,nijikyuumeisyoti,nijikyuumeisyoti,ALS
34,急性心筋梗塞,きゅうせいしんきんこうそく,kyuuseisinnkinnkousoku,kyuuseisinnkinnkousoku,AMI
35,急性骨髄性白血病,きゅうせいこつずいせいはっけつびょう,kyuuseikotuzuiseihakketubyou,kyuuseikotuzuiseihakketubyou,AML
36,狭心症,きょうしんしょう,kyousinnsyou,kyousinnsyou,AP
37,アルゴンプラズマ凝固法,あるごんぷらずまぎょうこほう,arugonnpurazumagyoukohou,arugonnpurazumagyoukohou,APC
38,心室期外収縮,しんしつきがいしゅうしゅく,sinnsitukigaisyuusyuku,sinnsitukigaisyuusyuku,APC
39,急性肺塞栓症,きゅうせいはいそくせんしょう,kyuuseihaisokusennsyou,kyuuseihaisokusennsyou,APE
40,急性腎盂腎炎,きゅうせいじんうじんえん,kyuuseijinnujinnenn,kyuuseijinnujinnenn,APN
41,虫垂切除術,ちゅうすいせつじょじゅつ,tyuusuisetujojutu,tyuusuisetujojutu,APP
42,急性呼吸窮迫症候群,きゅうせいこきゅうきゅうはくしょうこうぐん,kyuuseikokyuukyuuhakusyoukougunn,kyuuseikokyuukyuuhakusyoukougunn,ARDS
43,急性呼吸不全,きゅうせいこきゅうふぜん,kyuuseikokyuuhuzenn,kyuuseikokyuuhuzenn,ARF
44,大動脈弁狭窄症,だいどうみゃくべんきょうさくしょう,daidoumyakubennkyousakusyou,daidoumyakubennkyousakusyou,AS
45,アダムスストークス発作,あだむすすとーくすほっさ,adamususuto-kusuhossa,adamususuto-kusuhossa,
46,アルツハイマー型認知症,あるつはいまーがたにんちしょう,arutuhaima-gataninntisyou,arutuhaima-gataninntisyou,
47,房室ブロック,ぼうしつぶろっく,bousituburokku,bousituburokku,
48,血液,けつえき,ketueki,ketueki,
49,ビルロート法Ⅱ法,びるろーと２ほう,biruro-to2hou,biruro-to2hou,
50,気管支喘息,きかんしぜんそく,kikannsizennsoku,kikannsizennsoku,BA
51,清拭,せいしき,seisiki,seisiki,
52,血液培養,けつえきばいよう,ketuekibaiyou,ketuekibaiyou,
53,気管支内視鏡検査,きかんしないしきょうけんさ,kikansinaisikyoukensa,kikansinaisikyoukensa,BF
54,一次救命処置,いちじきゅうめいしょち,itijikyuumeisyoti,itijikyuumeisyoti,BLS
55,体格指数,たいかくしすう,taikakusisuu,taikakusisuu,BMI
56,脳性ナトリウム利尿ペプチド,のうせいなとりうむりにょうぺぷちど,nouseinatoriumurinyoupeputido,nouseinatoriumurinyoupeputido,BNP
57,腸閉塞,ちょうへいそく,tyouheisoku,tyouheisoku,BO
58,血圧,けつあつ,ketuatu,ketuatu,BP
59,認知症の行動・心理症状,にんちしょうのこうどうしんりしょうじょう,ninntisyounokoudousinnrisyoujou,ninntisyounokoudousinnrisyoujou,BPSD
60,徐脈,じょみゃく,jomyaku,jomyaku,
61,体温,たいおん,taionn,taionn,BT
62,体重,たいじゅう,taijuu,taijuu,
63,ベンゾジアゼピン,べんぞじあぜぴん,bennzojiazepinn,bennzojiazepinn,
64,クリアランス,くりあらんす,kuriarannsu,kuriarannsu,
65,コンプライアンス,こんぷらいあんす,konnpuraiannsu,konnpuraiannsu,
66,不整脈,ふせいみゃく,huseimyaku,huseimyaku,
67,総胆管,そうたんかん,soutannkann,soutannkann,
68,認知行動療法,にんちこうどうりょうほう,ninntikoudouryouhou,ninntikoudouryouhou,CBT
69,クリティカルケア,くりてぃかるけあ,kurithikarukea,kurithikarukea,
70,主訴,しゅそ,syuso,syuso,
71,認定看護師,にんていかんごし,ninnteikanngosi,ninnteikanngosi,CEN
72,心不全,しんふぜん,sinnhuzenn,sinnhuzenn,
73,大腸内視鏡検査,だいちょうないしきょうけんさ,daityounaisikyoukennsa,daityounaisikyoukennsa,CF
74,心原性ショック,しんげんせいしょっく,sinngennseisyokku,sinngennseisyokku,
75,持続的血液透析,じぞくてきけつえきとうせき,jizokutekiketuekitouseki,jizokutekiketuekitouseki,CHD
76,持続的血液濾過透析,じぞくてきけつえきろかとうせき,jizokutekiketuekirokatouseki,jizokutekiketuekirokatouseki,CHDF
77,脳梗塞,のうこうそく,noukousoku,noukousoku,
78,慢性腎臓病,まんせいじぞうびょう,mannseijinnzoubyou,mannseijinnzoubyou,CKD
79,セフメタゾール,せふめたぞーる,sehumetazo-ru,sehumetazo-ru,CMZ
80,クリニカルナーススペシャリスト,くりにかるなーすすぺしゃりすと,kurinikaruna-susupesharisuto,kurinikaruna-susupesharisuto,
81,専門看護師,せんもんかんごし,sennmonnkanngosi,sennmonnkanngosi,CNS
82,一酸化炭素,いっさんかたんそ,issankatanso,issankatanso,CO
83,心拍出量,しんはくしゅつりょう,sinnhakusyuturyou,sinnhakusyuturyou,CO
84,脳性麻痺,のうせいまひ,nouseimahi,nouseimahi,CP
85,肺性心,はいせいしん,haiseisinn,haiseisinn,CP
86,心肺停止,しんぱいていし,sinnpaiteisi,sinnpaiteisi,CPA
87,心配蘇生,しんぱいそせい,sinnpaisosei,sinnpaisosei,CPR
88,慢性呼吸不全,まんせいこきゅうふぜん,mannseikokyuuhuzenn,mannseikokyuuhuzenn,CRF
89,慢性腎不全,まんせいじんふぜん,mannseijinnhuzenn,mannseijinnhuzenn,CRF
90,帝王切開,ていおうせっかい,teiousekkai,teiousekkai,CS
91,チェーン・ストークス呼吸,ちぇーん・すとーくす呼吸,tile-nnsuto-kusukokyuu,tile-nnsuto-kusukokyuu,CSB
92,心タンポナーデ,しんたんぽなーで,sinntannpona-de,sinntannpona-de,CT
93,セフトリアキソン,せふとりあきそん,sehutoriakisonn,sehutoriakisonn,CTRX
94,中心静脈カテーテル,ちゅうしんじょうみゃくかてーてる,tyuusinnjoumyakukate-teru,tyuusinnjoumyakukate-teru,CVC
95,ドパミン,どぱみん,dopaminn,dopaminn,
96,変形性膝関節症,へんけいせいしつかんせつしょう,hennkeiseisitukannsetusyou,hennkeiseisitukannsetusyou,
97,解離性大動脈瘤,かいりせいだいどうみゃくりゅう,kairiseidaidoumyakuryuu,kairiseidaidoumyakuryuu,DAA
98,包帯交換,ほうたいこうかん,houtaikoukann,houtaikoukann,
99,拡張期血圧,かくちょうきけつあつ,kakutyoukiketuatu,kakutyoukiketuatu,
100,拡張型心筋症,かくちょうがたしんきんしょう,kakutyougatasinnkinnsyou,kakutyougatasinnkinnsyou,DCM
101,シスプラチン,しすぷらちん,sisupuratinn,sisupuratinn,
102,糖尿病性足病変,とうにょうびょうせいそくびょうへん,tounyoubyouseisokubyouhenn,tounyoubyouseisokubyouhenn,DF
103,びまん性子宮体腎炎,びまんせいしきゅうたいじんえん,bimannseisikyuutaijinnenn,bimannseisikyuutaijinnenn,
104,歯科衛生士,しかえいせいし,sikaeiseisi,sikaeiseisi,
105,播種性血管内凝固症候群,はしゅせいけっかんないぎょうこしょうこうぐん,hasyuseikekkannnaigyoukosyoukougunn,hasyuseikekkannnaigyoukosyoukougunn,DIC
106,点滴静注,てんてきじょうちゅう,tenntekijoutyuu,tenntekijoutyuu,DIV
107,糖尿病性ケトアシドーシス,とうにょうびょうせいけとあしどーしす,tounyoubyouseiketoasido-sisu,tounyoubyouseiketoasido-sisu,
108,レビー小体型認知症,れびーしょうたいがたにんちしょう,rebi-syoutaigataninntisyou,rebi-syoutaigataninntisyou,
109,ダブルルーメンカテーテル,だぶるるーめんかてーてる,dabururu-mennkate-teru,dabururu-mennkate-teru,
110,糖尿病,とうにょうびょう,tounyoubyou,tounyoubyou,DM
112,関節リウマチ,かんせつりうまち,kannseturiumati,kannseturiumati,RA
113,災害派遣医療チーム,さいがいはけんいりょうちーむ,saigaihakenniryouti-mu,saigaihakenniryouti-mu,DMAT
115,ドブタミン,どぶたみん,dobutaminn,dobutaminn,DOB
116,手術日,しゅじゅつび,syujutubi,syujutubi,
117,十二指腸潰瘍,じゅうにしちょうかいよう,juunisityoukaiyou,juunisityoukaiyou,DU
118,家庭内暴力,かていないぼうりょく,kateinaibouryoku,kateinaibouryoku,DV
119,深部静脈血栓症,しんぶじょうみゃくけっせんしょう,sinnbujoumyakukessensyou,sinnbujoumyakukessensyou,DVT
120,ドライウェイト,どらいうぇいと,doraiuleito,doraiuleito,DW
121,診断,しんだん,sinndann,sinndann,Dx
122,浮腫,ふしゅ,husyu,husyu,
123,労作性狭心症,ろうさせいきょうしんしょう,rousaseikyousinnsyou,rousaseikyousinnsyou,
124,必須アミノ酸,ひっすあみのさん,hissuaminosann,hissuaminosann,EAA
125,根拠にもとづく医療,こんきょにもとづくいりょう,konnkyonimotodukuiryou,konnkyonimotodukuiryou,EBM
126,根拠にもとづく看護,こんきょにもとづくかんご,konnkyonimotodukukanngo,konnkyonimotodukukanngo,EBN
127,心電図,しんでんず,sinndennzu,sinndennzu,ECG
128,体外式膜型人工肺,たいがいしきまくがたじんこうはい,taigaisikimakugatajinnkouhai,taigaisikimakugatajinnkouhai,ECMO
129,駆出率,くしゅつりつ,kusyuturitu,kusyuturitu,EF
130,本態性高血圧症,ほんたいせいこうけつあつしょう,honntaiseikouketuatusyou,honntaiseikouketuatusyou,
131,上部消化管内視鏡検査,じょうぶしょうかかんないしきょうけんさ,joubusyoukakannnaisikyoukennsa,joubusyoukakannnaisikyoukennsa,EGD
132,内視鏡的食道静脈瘤硬化療法,ないしきょうてきしょくどうじょうみゃくりゅうこうかりょうほう,naisikyoutekisyokudoujoumyakuryuukoukaryouhou,naisikyoutekisyokudoujoumyakuryuukoukaryouhou,EIS
133,内視鏡的粘膜切除術,ないしきょうてきねんまくせつじょじゅつ,naisikyoutekinennmakusetujojutu,naisikyoutekinennmakusetujojutu,EMR
134,退院,たいいん,taiinn,taiinn,ENT
135,エリスロポエチン,えりすろぽえちん,erisuropoetinn,erisuropoetinn,
136,錐体外路障害,すいたいがいろしょうがい,suitaigairosyougai,suitaigairosyougai,
137,内視鏡的乳頭括約筋切開術,ないしきょうてきにゅうとうかつやくきんせっかいじゅつ,naisikyoutekinyuutoukatuyakukinnsekkaijutu,naisikyoutekinyuutoukatuyakukinnsekkaijutu,EST
138,救急救命室,きゅうきゅうきゅうめいしつ,kyuukyuukyuumeisitu,kyuukyuukyuumeisitu,ER
139,呼気終末二酸化炭素濃度,こきしゅうまつにさんかたんそのうど,kokisyuumatunisannkatannsonoudo,kokisyuumatunisannkatannsonoudo,ETCO2
140,気管挿管チューブ,きかんそうかんちゅーぶ,kikannsoukanntyu-bu,kikannsoukanntyu-bu,
141,食道静脈瘤,しょくどうじょうみゃくりゅう,syokudoujoumyakuryuu,syokudoujoumyakuryuu,EV
142,内視鏡的静脈瘤結紮術,ないしきょうてきじょうみゃくりゅうけっさつじゅつ,naisikyoutekijoumyakuryuukessatujutu,naisikyoutekijoumyakuryuukessatujutu,EVL
143,大腿動脈,だいたいどうみゃく,daitaidoumyaku,daitaidoumyaku,FA
144,足浴,そくよく,sokuyoku,sokuyoku,FB
145,橈側手根屈筋,とうそくしゅこんくっきん,tousokusyukonnkukkinn,tousokusyukonnkukkinn,
146,新鮮凍結血漿,しんせんとうけつけっしょう,sinnseitouketukessyou,sinnseitouketukessyou,FFP
147,胃内視鏡検査,いないしきょうけんさ,inaisikyoukennsa,inaisikyoukennsa,
148,家族歴,かぞくれき,kazokureki,kazokureki,FH
149,吸入気酸素濃度,きゅうにゅうきさんそのうど,kyuunyuukisannsonoudo,kyuunyuukisannsonoudo,FiO2
150,胎児心拍数,たいじしんぱくすう,taiijisinnpakusuu,taiijisinnpakusuu,FHR
151,胎児心音,たいじしんおん,taijisinnonn,taijisinnonn,FHS
152,便潜血検査,べんせんけつけんさ,bennsennketukennsa,bennsennketukennsa,
153,機能的残気量,きのうてきざんきりょう,kinoutekizannkiryou,kinoutekizannkiryou,FRC
154,フェイススケール,ふぇいすすけーる,huleisusuke-ru,huleisusuke-ru,
155,不明熱,ふめいねつ,humeinetu,humeinetu,
156,全荷重負荷,ぜんかじゅうふか,zennkajuuhuka,zennkajuuhuka,FWB
157,骨折,こっせつ,kossetu,kossetu,Fx
158,ギラン・バレー症候群,ぎらんばれーしょうこうぐん,girannbare-syoukougunn,girannbare-syoukougunn,
159,胆石,たんせき,tannseki,tannseki,
160,グラスゴーコーマスケール,ぐらすごーこーますけーる,gurasugo-ko-masuke-ru,gurasugo-ko-masuke-ru,GCS
161,グルカゴン・インスリン療法,ぐるかごんいんすりんりょうほう,gurukagonninnsurinnryouhou,gurukagonninnsurinnryouhou,GI療法
162,ブドウ糖・インスリン療法,ぶどうとういんすりんりょうほう,budoutouinnsurinnryouhou,budoutouinnsurinnryouhou,GI療法
163,消化管,しょうかかん,syoukakann,syoukakann,
164,ブドウ糖,ぶどうとう,budoutou,budoutou,
165,グラム陰性桿菌,ぐらむいんせいかんきん,guramuinnseikannkinn,guramuinnseikannkinn,
166,胃切除術,いせつじょじゅつ,isetujojutu,isetujojutu,
167,胃瘻造設術,いろうぞうせつじゅつ,irouzousetujutu,irouzousetujutu,
168,胃潰瘍,いかいよう,ikaiyou,ikaiyou,GU
169,尿,にょう,nyou,nyou,Hr
170,ヘモグロビン,へもぐろびん,hemogurobinn,hemogurobinn,Hb
171,ヒト心房性ナトリウム利尿ペプチド,ひとしんぼうせいなとりうむりにょうぺぷちど,hitosinnbouseinatoriumurinyoupeputido,hitosinnbouseinatoriumurinyoupeputido,hANP
172,高血圧,こうけつあつ,kouketuatu,kouketuatu,HT
173,C型肝炎,cがたかんえん,cgatakannenn,cgatakannenn,HC
174,肝細胞がん,かんさいぼうがん,kannsaibougann,kannsaibougann,HCC
175,血液透析,けつえきとうせき,ketuekitouseki,ketuekitouseki,HD
176,椎間板ヘルニア,ついかんばんへるにあ,tuikannbannherunia,tuikannbannherunia,
177,肝性脳症,かんせいのうしょう,kannseinousyou,kannseinousyou,
178,痔核,じかく,jikaku,jikaku,Hemo
179,ハロペリドール,はろぺりどーる,haroperido-ru,haroperido-ru,
180,在宅酸素療法,ざいたくさんそりょうほう,zaitakusannsoryouhou,zaitakusannsoryouhou,HOT
181,病院,びょういん,byouinn,byouinn,HP
182,心拍数,しんぱくすう,sinnpakusuu,sinnpakusuu,HR
183,身長,しんちょう,sinntyou,sinntyou,
184,過換気症候群,かかんきしょうこうぐん,kakannkisyoukougunn,kakannkisyoukougunn,
185,低血糖症,ていけっとうしょう,teikettousyou,teikettousyou,
186,帯状疱疹,たいじょうほうしん,taijouhousinn,taijouhousinn,
187,大動脈内バルーンパンピング法,だいどうみゃくないばるーんぱんぴんぐほう,daidoumyakubaru-nnpannpinngu,daidoumyakubaru-nnpannpinngu,IABP
188,インフォームド・コンセント,いんふぉーむどこんせんと,innfo-mudokonnsennto,innfo-mudokonnsennto,IC
189,鉄欠乏性貧血,てつけつぼうせいひんけつ,tetuketubouseihinnketu,tetuketubouseihinnketu,IDA
190,感染性心内膜炎,かんせんせいしんないまくえん,kannsennseisinnnaimakuenn,kannsennseisinnnaimakuenn,IE
191,頭蓋内圧亢進,ずがいないあつこうしん,zugainaiatukousinn,zugainaiatukousinn,
192,水分出納,すいぶんしゅつのう,suibunnsyutunou,suibunnsyutunou,IN/OUT
194,間欠的陽圧換気,かんけつてきようあつかんき,kannketutekiyouatukannki,kannketutekiyouatukannki,IPPV
195,特発性新生児呼吸窮迫症候群,とくはつせいしんせいじこきゅうきゅうはくしょうこうぐん,tokuhatuseisinnseijikokyuukyuuhakusyoukougunn,tokuhatuseisinnseijikokyuukyuuhakusyoukougunn,IRDS
196,外傷重症度スコア,がいしょうじゅうしょうどすこあ,gaisyoujuusyoudosukoa,gaisyoujuusyoudosukoa,ISS
197,静脈注射,じょうみゃくちゅうしゃ,joumyakutyuusya,joumyakutyuusya,IV
198,下大静脈,かだいじょうみゃく,kadaijoumyaku,kadaijoumyaku,IVC
199,不感蒸泄,ふかんじょうせつ,hukannjousetu,hukannjousetu,IW
200,ジャパンコーマスケール,じゃぱんこーますけーる,japannko-masuke-ru,japannko-masuke-ru,JCS
201,日本看護協会,にほんかんごきょうかい,nihonnkanngokyoukai,nihonnkanngokyoukai,
202,左心房,さしんぼう,sasinnbou,sasinnbou,
203,腹腔鏡補助下大腸切除術,ふくくうきょうほじょかだいちょうせつじょじゅつ,hukukuukyouhojokadaityousetujojutu,hukukuukyouhojokadaityousetujojutu,LAC
204,開腹術,かうふくじゅつ,kaihukujutu,kaihukujutu,lap
205,腹腔鏡下胆嚢摘出術,ふくくうきょうかたんのうてきしゅつじゅつ,hukukuukyoukatannnoutekisyutujutu,hukukuukyoukatannnoutekisyutujutu,Lap-C
206,低位前方切除術,ていいぜんぽうせつじょじゅつ,teiizennpousetujojutu,teiizennpousetujojutu,
207,低出生体重児,ていしゅっしょうたいじゅうじ,teisyusseitaijuuji,teisyusseitaijuuji,LBW
208,肝硬変,かんこうへん,kannkouhenn,kannkouhenn,LC
209,白血球除去療法,はっけっきゅうじょきょりょうほう,hakkekkyuujokyoryouhou,hakkekkyuujokyoryouhou,LCAP
210,左心不全,さしんふぜん,sasinnhuzenn,sasinnhuzenn,
211,肺がん,はいがん,haigann,haigann,
212,意識消失,いしきしょうしつ,isikisyousitu,isikisyousitu,LOC
213,低心拍出量症候群,ていしんはくしゅつりょうしょうこうぐん,teisinnhakusyuturyousyoukougunn,teisinnhakusyuturyousyoukougunn,LOS
214,腰椎穿刺,ようついせんし,youtuisennsi,youtuisennsi,
215,対光反射,たいこうはんしゃ,taikouhannsya,taikouhannsya,
216,腹腔鏡手術,ふくくうきょうしゅじゅつ,hukukuukyousyujutu,hukukuukyousyujutu,
217,腰部脊柱管狭窄症,ようぶせきちゅうかんきょうさくしょう,youbusekityuukannkyousakusyou,youbusekityuukannkyousakusyou,
218,僧帽弁,そうぼうべん,souboubenn,souboubenn,
219,骨髄異形成症候群,こつづいいけいせいしょうこうぐん,kotuzuiikeiseisyoukougunn,kotuzuiikeiseisyoukougunn,
220,メロペネム,めろぺねむ,meropenemu,meropenemu,MEPM
222,心筋梗塞,しんきんこうそく,sinnkinnkousoku,sinnkinnkousoku,MI
223,胃がん,いがん,igann,igann,MK
224,徒手筋力テスト,としゅきんりょくてすと,tosyukinnryokutesuto,tosyukinnryokutesuto,MMT
225,分時換気量,ふんじかんきりょう,hunnjikannkiryou,hunnjikannkiryou,MV
226,多臓器機能不全症候群,たぞうききのうふぜんしょうこうぐん,tazoukikinouhuzennsyoukougunn,tazoukikinouhuzennsyoukougunn,
227,医療ソーシャルワーカー,いりょうそーしゃるわーかー,iryouso-syaruwa-ka-,iryouso-syaruwa-ka-,MSW
228,ノルアドレナリン,のるあどれなりん,noruadorenarinn,noruadorenarinn,NA
229,絶食,ぜっしょく,zessyoku,zessyoku,
230,看護診断,かんごしんだん,kanngosinndann,kanngosinndann,
231,非侵襲的陽圧換気,ひしんしゅうてきようあつかんき,hisinnsyuutekiyouatukannki,hisinnsyuutekiyouatukannki,NPPV
232,正常圧水頭症,せいじょうあつすいとうしょう,seijouatusuitousyou,seijouatusuitousyou,NPH
233,絶飲食,ぜついんしょく,zetuinnsyoku,zetuinnsyoku,NPO
234,ノンレム睡眠,のんれむすいみん,nonnremusuiminn,nonnremusuiminn,
235,看護師,かんごし,kanngosi,kanngosi,Ns
236,栄養サポートチーム,えいようさぽーとちーむ,eiyousapo-toti-mu,eiyousapo-toti-mu,NST
237,ノンストレステスト,のんすとれすてすと,nonnsutoresutesuto,nonnsutoresutesuto,NST
238,ニトログリセリン,にとろぐりせりん,nitoroguriserinn,nitoroguriserinn,NTG
240,起立性低血圧,きりつせいていけつあつ,kirituseiteiketuatu,kirituseiteiketuatu,
241,動脈血二酸化炭素分圧,どうみゃくけつにさんかたんそぶんあつ,doumyakuketunisannkatannsobunnatu,doumyakuketunisannkatannsobunnatu,PaCO2
242,動悸,どうき,douki,douki,
243,動脈血酸素分圧,どうみゃくけつさんそぶんあつ,doumyakuketusannsobunnatu,doumyakuketusannsobunnatu,PaO2
244,気道内圧,きどうないあつ,kidounaiatu,kidounaiatu,Paw
245,肺動脈楔入圧,はいどうみゃくせつにゅうあつ,haidoumyakuketunyuuatu,haidoumyakuketunyuuatu,PAWP
246,血小板濃厚液,けっしょうばんのうこうえき,kessyoubannnoukoueki,kessyoubannnoukoueki,PC
247,体位変換,たいいへんかん,taiihennkann,taiihennkann,
248,膵頭十二指腸切除術,すいとうじゅうにしちょうせつじょじゅつ,suitoujuunisityousetujojutu,suitoujuunisityousetujojutu,PD
249,体位ドレナージ,たいいどれなーじ,taiidorena-ji,taiidorena-ji,
250,血漿交換,けっしょうこうかん,kessyoukoukann,kessyoukoukann,PE
251,健康診断,けんこうしんだん,kennkousinndann,kennkousinndann,
252,肺気腫,はいきしゅ,haikisyu,haikisyu,PE
253,肺塞栓症,はいそくせんしょう,haisokusennsyou,haisokusennsyou,PE
254,呼気終末陽圧,こきしゅうまつようあつ,kokisyuumatuyouatu,kokisyuumatuyouatu,PEEP
255,既往歴,きおうれき,kioureki,kioureki,
256,肺高血圧症,はいこうけつあつしょう,haikouketuatusyou,haikouketuatusyou,
257,抹消挿入中心静脈カテーテル,まっしょうそうにゅうちゅうしんじょうみゃくかてーてる,massyousounyuutyuusinnjoumyakukate-teru,massyousounyuutyuusinnjoumyakukate-teru,PICC
258,小児集中治療部,しょうにしゅうちゅうちりょうぶ,syounisyuutyuutiryoubu,syounisyuutyuutiryoubu,PICU
259,最大吸気圧,さいだいきゅうきあつ,saidaikyuukiatu,saidaikyuukiatu,PIP
260,膵臓がん,すいぞうがん,suizougann,suizougann,PK
262,腎盂腎炎,じんうじんえん,jinnujinnenn,jinnujinnenn,PN
263,脈拍数,みゃくはくすう,myakuhakusuu,myakuhakusuu,PR
264,理学療法士,りがくりょうほうし,rigakuryouhousi,rigakuryouhousi,PT
265,患者,かんじゃ,kannja,kannja,Pt
266,心的外傷後ストレス障害,しんてきがいしょうごすとれすしょうがい,sinntekigaisyougosutoresusyougai,sinntekigaisyougosutoresusyougai,
267,生活の質,せいかつのしつ,seikatunositu,seikatunositu,QOL
268,四肢麻痺,ししまひ,sisimahi,sisimahi,
269,呼吸,こきゅう,kokyuu,kokyuu,
271,レム睡眠,れむすいみん,remusuiminn,remusuiminn,REM
272,直腸がん,ちょくちょうがん,tyokutyougann,tyokutyougann,RK
273,基礎代謝率,きそたいしゃりつ,kisotaisyaritu,kisotaisyaritu,BMR
274,関節可動域テスト,かんせつかどういきてすと,kannsetukadouikitesuto,kannsetukadouikitesuto,ROMT
275,心拍再開,しんぱくさいかい,sinnpakusaikai,sinnpakusaikai,ROSC
276,ルーワイ吻合術,るーわいふんごうじゅつ,ru-waihunngoujutu,ru-waihunngoujutu,
277,睡眠時無呼吸症候群,すいみんじむこきゅうしょうこうぐん,suiminnjimukokyuusyoukougunn,suiminnjimukokyuusyoukougunn,SAS
278,シャワー浴,しゃわーよく,syawa-yoku,syawa-yoku,
279,石けん清拭,せっけんせいしき,sekkennseisiki,sekkennseisiki,
280,収縮期血圧,しゅうしゅくきけつあつ,syuusyukukiketuatu,syuusyukukiketuatu,SBP
281,統合失調症,とうごうしっちょうしょう,tougousittyousyou,tougousittyousyou,
282,副作用,ふくさよう,hukusayou,hukusayou,SE
283,ショック指数,しょっくしすう,syokkusisuu,syokkusisuu,SI
284,全身性炎症反応症候群,ぜんしんせいえんしょうはんのうしょうこうぐん,zennsinnseiennsyouhannnousyoukougunn,zennsinnseiennsyouhannnousyoukougunn,SIRS
285,全身性エリテマトーデス,ぜんしんせいえりてまとーです,zennsinnseieritemato-desu,zennsinnseieritemato-desu,SLE
286,血糖自己測定,けっとうじこそくてい,kettoujikosokutei,kettoujikosokutei,SMBG
287,洞不全症候群,どうふぜんしょうこうぐん,douhuzennsyoukougunn,douhuzennsyoukougunn,SSS
288,言語聴覚療法,げんごちょうかくりょうほう,genngotyoukakuryouhou,genngotyoukakuryouhou,ST
289,経管栄養,けいかんえいよう,keikanneiyou,keikanneiyou,TF
290,チームナーシング,ちーむなーしんぐ,ti-muna-sinngu,ti-muna-sinngu,TN
291,気管切開,きかんせっかい,kikannsekkai,kikannsekkai,
292,牽引,けんいん,kenninn,kenninn,
293,不安定狭心症,ふあんていきょうしんしょう,huannteikyousinnsyou,huannteikyousinnsyou,UAP
294,膀胱,ぼうこう,boukou,boukou,
296,尿量,にょうりょう,nyouryou,nyouryou,
297,泌尿器科,ひにょうきか,hinyoukika,hinyoukika,
298,尿路感染,にょうろかんせん,nyourokannsenn,nyourokannsenn,
299,静脈,じょうみゃく,joumyaku,joumyaku,
300,虫垂,ちゅうすい,tyuusui,tyuusui,
301,人工呼吸器関連肺損傷,じんこうこきゅうきかんれんはいそんしょう,jinnkoukokyuukikannrennhaisonnsyou,jinnkoukokyuukikannrennhaisonnsyou,VILI
302,人工呼吸器関連肺炎,じんこうこきゅうきかんれんはいえん,jinnkoukokyuukikannrennhaienn,jinnkoukokyuukikannrennhaienn,VAP
303,心室細動,しんしつさいどう,sinnsitusaidou,sinnsitusaidou,VF
304,酸素消費量,さんそしょうひりょう,sannsosyouhiryou,sannsosyouhiryou,
306,心室頻拍,しんしつひんぱく,sinnsituhinnpaku,sinnsituhinnpaku,VT